{
    "setKey": {
        "status": false,
        "key": "!",
        "key2": "."
    },
    "token": "",
    "app": "",
    "restartPoint": null,
    "email": "email lu",
    "pswd": "pass ny",
    "chatSend": 0,
    "chatRecived": 0,
    "kiCk": 0,
    "inVite": 0,
    "canCel": 0,
    "runtime": 3263129009.9783964,
    "changeCoverVideo": {
        "stage": 0,
        "status": false
    },
    "silent": [],
    "owner": [
        "MID_LU"
    ],
    "team": "\ud835\udde0\ud835\uddfc\ud835\uddff\ud835\uddf6\ud835\ude00 \ud835\uddd5\ud835\uddfc\ud835\ude01\ud835\ude00",
    "Operation": "MID_LU",
    "blacklist": [],
    "forum": [],
    "base": "MID_LU",
    "thebos": [
        "MID_LU"
    ],
    "apiKey": {
        "JG": "elfoxbsd15",
        "VH": "",
        "BE": "Apikey"
    }
}