{
    "ROM": {
        "c161b8213faa687d982aad421b8e566eb": {
            "uff02cd46a35d3ced793d3a0500562a8e": {
                "msg.id": [
                    "16623650878698"
                ],
                "waktu": [
                    1660731941199
                ]
            }
        }
    },
    "aJs": [],
    "acount": [],
    "admin": [],
    "basenotif": [],
    "bcfilter": [],
    "blacklist": [],
    "bot": [],
    "creator": [
        "u8078e9c297067dd1e438b79ab631fd09",
        "ue69c654ff9d382530ccfd378c94d0fa5"
    ],
    "detectunsend": [],
    "mentionkick": [],
    "multibc": [],
    "postId2": [
        "1165396376312517999",
        "1165392636411548413",
        "1165391011610505755",
        "1165391264510677035",
        "1165389558509530005",
        "1165398244913705628",
        "1165395826212231134",
        "1165399081714291260",
        "1165374384503165438",
        "1165400697315387353",
        "1165401370915795471",
        "1165401408915808085",
        "1165415780622288885",
        "1165415788822294269",
        "1165415604722171622",
        "1165415416522048984",
        "1165415356822010760",
        "1165413740421003723",
        "1165401687515906314",
        "1165398403513815509",
        "1165391543310867672",
        "1165415936122391005"
    ],
    "postId3": [
        "1165392636411548413",
        "1165400697315387353",
        "1165401370915795471",
        "1165401408915808085",
        "1165415780622288885",
        "1165415788822294269"
    ],
    "silent": [],
    "squadteam": {},
    "storyId": [],
    "talkbanlist": [],
    "timebc": [],
    "today": {
        "add": 0,
        "added": 0,
        "cancel": 0,
        "canceled": 0,
        "chatrecv": 35,
        "chatsend": 20,
        "invite": 0,
        "invited": 0,
        "kick": 0,
        "kicked": 0
    },
    "whitelist": []
}