{
    "Addaudio": {
        "name": "",
        "status": false
    },
    "Addbigsticker": {
        "name": "",
        "status": false
    },
    "Addcontact": {
        "name": "",
        "status": false
    },
    "Addfakecontact": {
        "name": "",
        "status": false
    },
    "Addfakesticker": {
        "name": "",
        "status": false
    },
    "Addimage": {
        "name": "",
        "status": false
    },
    "Addkibaran": {
        "name": "",
        "status": false
    },
    "Addsticker": {
        "name": "",
        "status": false
    },
    "Addvideo": {
        "name": "",
        "status": false
    },
    "Addwordban": {
        "name": "",
        "status": false
    },
    "AutoComment": {
        "msgpost": "\ud83d\udccc\u0628\u08aa\u0627\u06d2 \u062f\u08aa\u06cc\u0640\u0670\u0627\u0641\u062a\u0640 \u062c\u0640\u0640\u062f\u06cc\u062f\u062a\u08aa\u06cc\u0646\u0640 \u08aa\u0628\u0640\u0670\u0627\u062a\u0640 \u0633\u076a\u0641\u0640 \u0628\u0627 \u0627\u0645\u0640\u0640\u06aa\u0640\u0670\u0627\u0646\u0627\u062a\u0640 \u0628\u0640\u06d2\u0646\u0647\u0640\u0670\u0627\u06cc\u062a\u0640 \u0646\u0640\u0638\u06cc\u08aa :\n\ud83d\udd39\u062f\u08aa\u0633\u062a\u0640 \u06aa\u08aa\u062f\u0646\u0640 \u0647\u0640\u0640\u076a\u067e\u08aa \u0634\u062e\u0635\u06d2 \u0628\u08aa\u0627\u06d2 \u0627\u062c\u0640\u0670\u0627\u08aa\u06be \u062f\u0627\u062f\u0646\u0640 \u08aa\u0628\u0640\u0670\u0627\u062a\u0640 \u0633\u0640\u0670\u076a\u0641\u0640\n\ud83d\udd39\u0627\u062f\u062f \u0627\u0633\u0640\u0640\u062a\u0648\u08aa\u06d2 \u0648 \u062f\u0627\u0646\u0640\u0640\u0644\u0648\u062f \u0627\u0633\u0640\u0640\u062a\u0648\u08aa\u06d2 \u0648 \u0639\u06aa\u0633\u0640 \u0648 \u067e\u0633\u062a\u0640 \n\ud83d\udd39\u08aa\u0628\u0640\u0670\u0627\u062a\u0640 \u0633\u0640\u0670\u076a\u0641\u0640  \u062f\u0627\u08aa\u0627\u06d2 \u0633\u08aa\u0639\u062a\u0640 \u062e\u0640\u06cc\u076a\u06d2 \u0632\u06cc\u0640\u0670\u0627\u062f \u0648 \u0645\u0640\u0646\u0648\u06d2 \u0632\u06cc\u0628\u0640\u0670\u0627\n\ud83d\udd39\u0627\u062a\u0640\u0648 \u0628\u0640\u0670\u076a\u0627\u06aa \u0648 \u0627\u062a\u0640\u0648 \u06aa\u0640\u0670\u0627\u0645\u0646\u062a\u0640\n\n\ud83d\udccc\u0648 \u08aa\u0628\u0640\u0670\u0627\u062a\u0640 \u0645\u062d\u0640\u0670\u0627\u0641\u0638 \u06af\u0640\u08aa\u0648\u06be :\n\ud83d\udd39\u0628\u0640\u0670\u0627\u076a\u0627\u062a\u08aa\u06cc\u0646\u0640 \u06aa\u06cc\u0641\u06cc\u062a\u0640 \u0645\u0645\u06aa\u0646\u0640 \u0628\u062f\u0648\u0646\u0640 \u0648\u0627\u0633\u0637\u06be \u0648 \u0634\u062e\u0635\u06d2\n\ud83d\udd39\u0633\u08aa\u0639\u062a\u0640 \u0628\u0633\u06cc\u0640\u0670\u0627\u08aa \u0628\u0640\u0670\u0627\u076a\u0627 \u0628\u062f\u0648\u0646\u0640 \u062d\u062a\u06d2 \u06cc\u06aa \u08aa\u0648\u0632 \u0642\u0637\u0639\u06d2\n\ud83d\udd39\u0628\u06c1\u0670\u0640\u062a\u08aa\u06cc\u0646\u0640 \u0633\u0640\u0640\u08aa\u0648\u08aa \u0648 \u0642\u0648\u06d2\u062a\u08aa\u06cc\u0646\u0640 \u08aa\u0628\u0640\u0670\u0627\u062a\u0640 \n\ud83d\udd39\u0628\u0640\u0670\u0627 \u0627\u0645\u0646\u06cc\u062a\u0640 \u0628\u0633\u06cc\u0640\u0670\u0627\u08aa \u0628\u0640\u0670\u0627\u076a\u0627\n\ud83d\udd39\u0636\u0640\u0670\u062f \u08aa\u0628\u0640\u0670\u0627\u062a\u0640 \u062a\u0640\u0640\u0628\u08aa\n\n\ud83d\udce9\u0628\u06c1\u0670\u0640 \u0645\u0646\u0640 \u067e\u06cc\u0640\u0670\u0627\u0645\u0640 \u0628\u062f\u06cc\u0646\u0640\ud83d\udce9\n\u0645\u0640\u0640\u0640\u0640\u0640\u0645\u0646\u0648\u0646\u0640 \u0627\u0632 \u062a\u0640\u0648\u062c\u06be\ud83d\udc68\ud83c\udffb\u200d\ud83d\udcbb\ud83c\udf39\n\ud83d\udc47\ud83c\udffb\ud83d\udc47\ud83c\udffb\ud83d\udc47\ud83c\udffb\ud83d\udc47\ud83c\udffb\ud83d\udc47\ud83c\udffb\ud83d\udc47\ud83c\udffb\ud83d\udc47\ud83c\udffb\ud83d\udc47\ud83c\udffb\n\ud83d\udccd\ud835\udc74\ud835\udc9a \ud835\udc8d\ud835\udc8a\ud835\udc8f\ud835\udc8c\n\ufd3e http://2qp.ir/SvQj \ufd3f\n\ud83d\udccd\ud835\udc74\ud835\udc9a \ud835\udc8a\ud835\udc85\n\ufd3e linux.1\ufd3f",
        "msgstory": "Hai Hai",
        "post": true,
        "setstccomment": false,
        "stccomment": {
            "STKID": "8117768",
            "STKPKGID": "5331",
            "STKVER": "2"
        },
        "sticker": false,
        "story": false
    },
    "AutoLike": {
        "msglike": "Autolike By: Moris_Bots",
        "post": true,
        "sticons": {
            "REPLACE": "MEMEK",
            "STICON_OWNERSHIP": "MEMEK"
        },
        "story": false
    },
    "AutoRead": {
        "all": false,
        "gc": false,
        "pc": false
    },
    "ChangePictFooter": false,
    "Check": {
        "post": false,
        "sticker": false
    },
    "Detect": {
        "callgroup": false,
        "faketag": false,
        "msgfaketag": "you stupid fake tag",
        "msgspamcall": "you spam me dog!!!",
        "spamcall": false,
        "sticons": {
            "REPLACE": "MEMEM",
            "STICON_OWNERSHIP": "MEMEK"
        }
    },
    "Img": {},
    "ajsbackupkickalljs": false,
    "ajsbackupkickallpy": false,
    "ajsbackupnormal": true,
    "ajsbackuppurgejs": false,
    "ajsbackuppurgepy": false,
    "ajsbypass": false,
    "ajscancelall": false,
    "ajscome": false,
    "ajsjoin": "",
    "ajskickall": false,
    "ajskickallpy": false,
    "ajspurgejs": false,
    "ajspurgepy": false,
    "author_lineid": "You can add the author by line id, https://line.me/ti/p/~linux.1",
    "autoAdd": {
        "message": "\ud83d\udccc\u0628\u08aa\u0627\u06d2 \u062f\u08aa\u06cc\u0640\u0670\u0627\u0641\u062a\u0640 \u062c\u0640\u0640\u062f\u06cc\u062f\u062a\u08aa\u06cc\u0646\u0640 \u08aa\u0628\u0640\u0670\u0627\u062a\u0640 \u0633\u076a\u0641\u0640 \u0628\u0627 \u0627\u0645\u0640\u0640\u06aa\u0640\u0670\u0627\u0646\u0627\u062a\u0640 \u0628\u0640\u06d2\u0646\u0647\u0640\u0670\u0627\u06cc\u062a\u0640 \u0646\u0640\u0638\u06cc\u08aa :\n\ud83d\udd39\u062f\u08aa\u0633\u062a\u0640 \u06aa\u08aa\u062f\u0646\u0640 \u0647\u0640\u0640\u076a\u067e\u08aa \u0634\u062e\u0635\u06d2 \u0628\u08aa\u0627\u06d2 \u0627\u062c\u0640\u0670\u0627\u08aa\u06be \u062f\u0627\u062f\u0646\u0640 \u08aa\u0628\u0640\u0670\u0627\u062a\u0640 \u0633\u0640\u0670\u076a\u0641\u0640\n\ud83d\udd39\u0627\u062f\u062f \u0627\u0633\u0640\u0640\u062a\u0648\u08aa\u06d2 \u0648 \u062f\u0627\u0646\u0640\u0640\u0644\u0648\u062f \u0627\u0633\u0640\u0640\u062a\u0648\u08aa\u06d2 \u0648 \u0639\u06aa\u0633\u0640 \u0648 \u067e\u0633\u062a\u0640 \n\ud83d\udd39\u08aa\u0628\u0640\u0670\u0627\u062a\u0640 \u0633\u0640\u0670\u076a\u0641\u0640  \u062f\u0627\u08aa\u0627\u06d2 \u0633\u08aa\u0639\u062a\u0640 \u062e\u0640\u06cc\u076a\u06d2 \u0632\u06cc\u0640\u0670\u0627\u062f \u0648 \u0645\u0640\u0646\u0648\u06d2 \u0632\u06cc\u0628\u0640\u0670\u0627\n\ud83d\udd39\u0627\u062a\u0640\u0648 \u0628\u0640\u0670\u076a\u0627\u06aa \u0648 \u0627\u062a\u0640\u0648 \u06aa\u0640\u0670\u0627\u0645\u0646\u062a\u0640\n\n\ud83d\udccc\u0648 \u08aa\u0628\u0640\u0670\u0627\u062a\u0640 \u0645\u062d\u0640\u0670\u0627\u0641\u0638 \u06af\u0640\u08aa\u0648\u06be :\n\ud83d\udd39\u0628\u0640\u0670\u0627\u076a\u0627\u062a\u08aa\u06cc\u0646\u0640 \u06aa\u06cc\u0641\u06cc\u062a\u0640 \u0645\u0645\u06aa\u0646\u0640 \u0628\u062f\u0648\u0646\u0640 \u0648\u0627\u0633\u0637\u06be \u0648 \u0634\u062e\u0635\u06d2\n\ud83d\udd39\u0633\u08aa\u0639\u062a\u0640 \u0628\u0633\u06cc\u0640\u0670\u0627\u08aa \u0628\u0640\u0670\u0627\u076a\u0627 \u0628\u062f\u0648\u0646\u0640 \u062d\u062a\u06d2 \u06cc\u06aa \u08aa\u0648\u0632 \u0642\u0637\u0639\u06d2\n\ud83d\udd39\u0628\u06c1\u0670\u0640\u062a\u08aa\u06cc\u0646\u0640 \u0633\u0640\u0640\u08aa\u0648\u08aa \u0648 \u0642\u0648\u06d2\u062a\u08aa\u06cc\u0646\u0640 \u08aa\u0628\u0640\u0670\u0627\u062a\u0640 \n\ud83d\udd39\u0628\u0640\u0670\u0627 \u0627\u0645\u0646\u06cc\u062a\u0640 \u0628\u0633\u06cc\u0640\u0670\u0627\u08aa \u0628\u0640\u0670\u0627\u076a\u0627\n\ud83d\udd39\u0636\u0640\u0670\u062f \u08aa\u0628\u0640\u0670\u0627\u062a\u0640 \u062a\u0640\u0640\u0628\u08aa\n\n\ud83d\udce9\u0628\u06c1\u0670\u0640 \u0645\u0646\u0640 \u067e\u06cc\u0640\u0670\u0627\u0645\u0640 \u0628\u062f\u06cc\u0646\u0640\ud83d\udce9\n\u0645\u0640\u0640\u0640\u0640\u0640\u0645\u0646\u0648\u0646\u0640 \u0627\u0632 \u062a\u0640\u0648\u062c\u06be\ud83d\udc68\ud83c\udffb\u200d\ud83d\udcbb\ud83c\udf39\n\ud83d\udc47\ud83c\udffb\ud83d\udc47\ud83c\udffb\ud83d\udc47\ud83c\udffb\ud83d\udc47\ud83c\udffb\ud83d\udc47\ud83c\udffb\ud83d\udc47\ud83c\udffb\ud83d\udc47\ud83c\udffb\ud83d\udc47\ud83c\udffb\n\ud83d\udccd\ud835\udc74\ud835\udc9a \ud835\udc8d\ud835\udc8a\ud835\udc8f\ud835\udc8c\n\ufd3e http://2qp.ir/SvQj \ufd3f\n\ud83d\udccd\ud835\udc74\ud835\udc9a \ud835\udc8a\ud835\udc85\n\ufd3e linux.1\ufd3f",
        "reply": true,
        "status": true
    },
    "autoJoin": {
        "message": "already deactive",
        "reply": false,
        "status": true,
        "ticket": false
    },
    "autoLeave": {
        "gc": {
            "message": "Autoleave Active,Don't Invite Me",
            "msg": false,
            "setstc": false,
            "status": false,
            "stc": false
        },
        "mc": {
            "message": "Autoleave Active,Don't Invite Me",
            "msg": false,
            "setstc": false,
            "status": false,
            "stc": false
        }
    },
    "autoRespond": {
        "message": "Yes, What is up?",
        "status": false
    },
    "autoRespondMention": {
        "message": "you spam me...!!!  @!",
        "status": true
    },
    "autojoinbypass": false,
    "autojoincancelall": false,
    "autojoinkickall": false,
    "autojoinkickallPY": false,
    "autojoinkillban": false,
    "autojoinkillbanPY": false,
    "autojoinsticker": false,
    "autojointicketbypass": false,
    "autojointicketcancelall": false,
    "autojointicketkickall": false,
    "autojointicketkillban": false,
    "backupProfile": false,
    "backupadmin": false,
    "backupsquad": false,
    "backupwl": false,
    "bcaudio0": false,
    "bcaudio1": false,
    "bcaudio2": false,
    "bcaudiotext0": false,
    "bcaudiotext1": false,
    "bcaudiotext2": false,
    "bccontact0": false,
    "bccontact1": false,
    "bccontact2": false,
    "bccontacttext0": false,
    "bccontacttext1": false,
    "bccontacttext2": false,
    "bcimage0": false,
    "bcimage1": false,
    "bcimage2": false,
    "bcimagetext0": false,
    "bcimagetext1": false,
    "bcimagetext2": false,
    "bcpost0": false,
    "bcpost1": false,
    "bcpost2": false,
    "bcposttext0": false,
    "bcposttext1": false,
    "bcposttext2": false,
    "bcsticker0": false,
    "bcsticker1": false,
    "bcsticker2": false,
    "bcstickertext0": false,
    "bcstickertext1": false,
    "bcstickertext2": false,
    "bcvideo0": false,
    "bcvideo1": false,
    "bcvideo2": false,
    "bcvideotext0": false,
    "bcvideotext1": false,
    "bcvideotext2": false,
    "bypass": "bypass",
    "cancel": "cancel",
    "cancelall": "cancelall",
    "changeCoverProfile": false,
    "changeCoverVideo": {
        "stage": 0,
        "status": false
    },
    "changeGroupCover": [],
    "changeGroupPicture": [],
    "changePictureProfile": false,
    "changeProfileVideo": false,
    "changevp": false,
    "colorlabel": "#2C3539",
    "contactbcst": "",
    "copyright": "If you respect the author please don't remove this copyright\n\u00a9 2018 Hello World",
    "defaultReplyReader": "Hello @!, come here join to chat",
    "dontRemove": "u6459106c8251205f79c2f037cd99b6a4",
    "dontRemove1": "http://line.me/ti/p/~linux.1",
    "downloadmedia": false,
    "emojiautoadd": {
        "emoji": "5d0af240031a6783de282089",
        "message": "apa (emoji)(emoji) \n(emoji)(emoji)(emoji)",
        "status": false,
        "sticons": {
            "REPLACE": "MEMEK",
            "STICON_OWNERSHIP": "MEMEK"
        }
    },
    "emojigreetjoin": {
        "emoji": "MEMEK",
        "message": "MEMEK",
        "status": [],
        "sticons": {
            "REPLACE": "MEMEK",
            "STICON_OWNERSHIP": "MEMEK"
        }
    },
    "emojigreetleave": {
        "emoji": "MEMEK",
        "message": "MEMEK",
        "status": [],
        "sticons": {
            "REPLACE": "MEMEK",
            "STICON_OWNERSHIP": "MEMEK"
        }
    },
    "emojiresponchat": {
        "emoji": "5d0af240031a6783de282089",
        "message": "apa (emoji)(emoji) \n(emoji)(emoji)(emoji)",
        "status": false,
        "sticons": {
            "REPLACE": "MEMEK",
            "STICON_OWNERSHIP": "MEMEK"
        }
    },
    "emojirespontag": {
        "emoji": "5d0af240031a6783de282089",
        "message": "apa (emoji)(emoji) \n(emoji)(emoji)(emoji)",
        "status": false,
        "sticons": {
            "REPLACE": "MEMEK",
            "STICON_OWNERSHIP": "MEMEK"
        }
    },
    "emojitagall": "etagall",
    "fakeemoji": {
        "emoji": "5d0af240031a6783de282089"
    },
    "footerlabel": "\ud835\udde0\ud835\uddfc\ud835\uddff\ud835\uddf6\ud835\ude00 \ud835\uddd5\ud835\uddfc\ud835\ude01\ud835\ude00",
    "footerpict": "https://api.imjustgood.com/img/YRApxf9wq6.jpg",
    "greet": {
        "join": {
            "message": "welcome @!",
            "status": []
        },
        "joinstc": [],
        "leave": {
            "message": "Bye @!",
            "status": []
        },
        "leavestc": [],
        "stcgreetjoin": {
            "STKID": "MEMEK",
            "STKPKGID": "MEMEK",
            "STKVER": "1"
        },
        "stcgreetleave": {
            "STKID": "MEMEK",
            "STKPKGID": "MEMEK",
            "STKVER": "1"
        },
        "stickergreetjoin": false,
        "stickergreetleave": false
    },
    "idline": "http://line.me/ti/p/~linux.1",
    "invite": "invt",
    "invitekontak": false,
    "javascript": false,
    "jsPicture": false,
    "kick": "kick",
    "kickall": "kickall",
    "kickallpy": "kicksallpy",
    "kill": "kill",
    "killban": "knock out",
    "killbanpy": "kickbl",
    "lable": "https://line.me/ti/p/~linux.1",
    "leave": "byeme",
    "leaveMC": false,
    "livetime": [],
    "liveview": [],
    "members": 500,
    "mentionkick": false,
    "mentionkickmsg": {
        "msg": "don't tag me stupid",
        "sticons": {
            "REPLACE": "MEMEM",
            "STICON_OWNERSHIP": "MEMEK"
        }
    },
    "mimic": {
        "status": false,
        "target": {
            "u6459106c8251205f79c2f037cd99b6a4": false
        }
    },
    "mkick": "mkick",
    "mltbc": false,
    "mltbc0": false,
    "mltbc1": false,
    "mltbc2": false,
    "modepublic": false,
    "msgbroadcast": "",
    "msgleave": "see you",
    "myProfile": {
        "coverId": "yQrlajcsm1OepSf5w5WKgMtpOxjFuQHQ",
        "displayName": "Moris",
        "pictureStatus": "0h0itbJfwfb0ZJG3nInucQEXVeYSs-NWkOMX5wJW0aNnRgeyBCcy51KWQZZSU2eXwRISohIWkcOXFj",
        "statusMessage": "\u2234\ud835\udce1\ud835\udcf8\ud835\udced\ud835\udcee \ud835\udcf4\ud835\udcf5\ud835\udcee\ud835\udcfe\ud835\udcfb \ud835\udcff\ud835\udcea\ud835\udcf7 \ud835\udcf5\ud835\udcf2\ud835\udcee\ud835\udcef\ud835\udced\ud835\udcee\u2234"
    },
    "namegrup": "lpm",
    "protectcancel": [],
    "protectinvite": [],
    "protectjoin": [],
    "protectkick": [],
    "protectname": {},
    "protectqr": [],
    "purge": false,
    "receivercount": 3827731,
    "reinvite": "reinvite",
    "responcall": false,
    "responstickeradd": false,
    "responstickerchat": false,
    "responstickertag": false,
    "restartPoint": null,
    "runtime": 3.1465463638305664,
    "selfbackup": [],
    "selfbot": false,
    "sendcount": 1991738,
    "setKey": {
        "key": "m",
        "rname": "moris",
        "status": false
    },
    "setanCredit": "YOU CAN USE AND RUN THIS SELFBOT,\nBUT DONT REMOVE WEBAREBEAR MID OR CREDIT LINK\nTQ :)",
    "sider": "you peek \ud83d\ude0f",
    "silent": [],
    "slain": "slain",
    "squadinvite": "",
    "statemojitagall": false,
    "statfooter": false,
    "statigtempblack": false,
    "statigtempnormal": false,
    "statinvite": false,
    "statjsbypass": false,
    "statjscancelall": false,
    "statjskickall": false,
    "statkick": false,
    "statkickallpy": false,
    "statkillban": false,
    "statkillbanpy": false,
    "statleave": false,
    "statlinetempblack": false,
    "statlinetempnormal": false,
    "statmkick": false,
    "statreinvite": false,
    "statslain": false,
    "statstcautojoin": false,
    "stattagall": false,
    "stattemp": false,
    "statusajs": false,
    "statusceksticker": true,
    "statwatampnormal": false,
    "statwatempblack": false,
    "statwatempnormal": false,
    "stcadd": {
        "STKID": "MEMEK",
        "STKPKGID": "MEMEK",
        "STKVER": "1"
    },
    "stcautojoin": {
        "STKID": "MEMEK",
        "STKPKGID": "MEMEK",
        "STKVER": "1"
    },
    "stcautoleaveGC": {
        "STKID": "MEMEK",
        "STKPKGID": "MEMEK",
        "STKVER": "MEMEK"
    },
    "stcautoleaveMC": {
        "STKID": "MEMEK",
        "STKPKGID": "MEMEK",
        "STKVER": "MEMEK"
    },
    "stcchat": {
        "STKID": "MEMEK",
        "STKPKGID": "MEMEK",
        "STKVER": "1"
    },
    "stcemojitagall": {
        "STKID": "MEMEK",
        "STKPKGID": "MEMEK",
        "STKVER": "MEMEK"
    },
    "stcinvite": {
        "STKID": "MEMEK",
        "STKPKGID": "MEMEK",
        "STKVER": "MEMEK"
    },
    "stcjsbypass": {
        "STKID": "MEMEK",
        "STKPKGID": "MEMEK",
        "STKVER": "memek"
    },
    "stcjscancelall": {
        "STKID": "MEMEK",
        "STKPKGID": "MEMEK",
        "STKVER": "1"
    },
    "stcjskickall": {
        "STKID": "MEMEK",
        "STKPKGID": "MEMEK",
        "STKVER": "1"
    },
    "stckick": {
        "STKID": "MEMEK",
        "STKPKGID": "MEMEK",
        "STKVER": "1"
    },
    "stckickallpy": {
        "STKID": "MMK",
        "STKPKGID": "MMK",
        "STKVER": "MMK"
    },
    "stckillban": {
        "STKID": "MMK",
        "STKPKGID": "MMK",
        "STKVER": "MMK"
    },
    "stckillbanpy": {
        "STKID": "MMK",
        "STKPKGID": "MMK",
        "STKVER": "MMK"
    },
    "stcleave": {
        "STKID": "MMK",
        "STKPKGID": "MMK",
        "STKVER": "MMK"
    },
    "stcmention": {
        "STKID": "MEMEK",
        "STKPKGID": "MEMEK",
        "STKVER": "1"
    },
    "stcmkick": {
        "STKID": "MMK",
        "STKPKGID": "MMK",
        "STKVER": "MMK"
    },
    "stcreinvite": {
        "STKID": "MMK",
        "STKPKGID": "MMK",
        "STKVER": "MMK"
    },
    "stcslain": {
        "STKID": "MMK",
        "STKPKGID": "MMK",
        "STKVER": "MMK"
    },
    "stcsquadinv": {
        "STKID": "MMK",
        "STKPKGID": "MMK",
        "STKVER": "MMK",
        "STK_IMG_TXT": "11.583e06cc4a2e2e505b573680696058b1fa118d"
    },
    "stctagall": {
        "STKID": "MEMEK",
        "STKPKGID": "MEMEK",
        "STKVER": "MEMEK"
    },
    "stickeradd": false,
    "stickerchat": false,
    "stickerfaketag": false,
    "stickermention": false,
    "stickersquadinv": false,
    "stkfaketag": {
        "STKID": "MEMEK",
        "STKPKGID": "MEMEK",
        "STKVER": "1"
    },
    "tagall": "hay",
    "temprobot": false,
    "tempryansbot": false,
    "tempyans": false,
    "timereset": "2022-08-18 17:24:03.092105+07:00",
    "updateProfile": false,
    "updatestory": false,
    "wordban": [],
    "yansnew": true
}